id,repo_name,full_name,description,language,homepage,html_url,stargazers_count,forks_count,watchers_count,open_issues_count,topics,license_name,created_at,updated_at,pushed_at,size_kb,default_branch,has_wiki,has_pages,has_downloads,archived,disabled,visibility,owner_login,owner_type,owner_avatar_url,windows_support,macos_support,linux_support,platform_notes
784416534,helix-gpui,polachok/helix-gpui,helix gpui frontend,Rust,,https://github.com/polachok/helix-gpui,511,6,511,7,gui|helix-editor|rust-lang,Mozilla Public License 2.0,2024-04-09T20:07:06Z,2025-11-26T14:05:14Z,2024-06-10T08:45:58Z,395,main,False,False,True,False,False,public,polachok,User,https://avatars.githubusercontent.com/u/94035?v=4,True,True,True,Helix gpui frontend ‚Äì native GUI version of the Helix text editor (cross‚Äëplatform)
201134801,mac-mouse-fix,noah-nuebling/mac-mouse-fix,Mac Mouse Fix - Make Your $10 Mouse Better Than an Apple Trackpad!,Objective-C,https://macmousefix.com/,https://github.com/noah-nuebling/mac-mouse-fix,8425,242,8425,930,3rd-party-mouse|invert-scrolling|mac-mouse|mouse|mouse-events|mousewheel|remap|remapping|scroll|scrolling|smooth-scrolling|symbolic-hotkeys|tools|utility,Other,2019-08-07T22:09:17Z,2025-11-29T07:54:39Z,2025-11-29T07:54:36Z,97051,master,False,True,True,False,False,public,noah-nuebling,User,https://avatars.githubusercontent.com/u/40808343?v=4,False,True,False,Mac Mouse Fix ‚Äì macOS‚Äëonly utility with GUI
592882602,Loop,MrKai77/Loop,Window management made elegant.,Swift,,https://github.com/MrKai77/Loop,9533,203,9533,59,hacktoberfest|macos|macos-app|menu|productivity|radial-menu|swift|swiftui|window-management,GNU General Public License v3.0,2023-01-24T18:33:33Z,2025-11-29T02:31:44Z,2025-11-28T00:24:50Z,350864,develop,False,False,True,False,False,public,MrKai77,User,https://avatars.githubusercontent.com/u/68963405?v=4,False,True,False,Loop ‚Äì macOS window‚Äëmanagement app built with SwiftUI
575395328,valin,marc2332/valin,Cross-platform code editor made with Freya ü¶Ä and Rust,Rust,,https://github.com/marc2332/valin,282,10,282,13,cross-platform|dioxus|editor|freya|gui|parser|rust,MIT License,2022-12-07T12:19:56Z,2025-11-25T20:52:01Z,2025-07-10T07:01:50Z,3688,main,True,False,True,False,False,public,marc2332,User,https://avatars.githubusercontent.com/u/38158676?v=4,True,True,True,Cross‚Äëplatform code editor built with Freya (Rust)
178148244,AutoRaise,sbmpost/AutoRaise,AutoRaise (and focus) a window when hovering over it with the mouse,Objective-C++,,https://github.com/sbmpost/AutoRaise,2299,86,2299,42,autofocus|autoraise|mouse|osx,GNU General Public License v3.0,2019-03-28T07:19:39Z,2025-11-27T17:54:06Z,2025-10-27T15:51:08Z,5205,master,True,False,True,False,False,public,sbmpost,User,https://avatars.githubusercontent.com/u/10278551?v=4,False,True,False,macOS‚Äëonly window‚Äëmanager utility
546129875,rio,raphamorim/rio,A hardware-accelerated GPU terminal emulator focusing to run in desktops and browsers.,Rust,https://rioterm.com,https://github.com/raphamorim/rio,6057,232,6057,282,gpu-acceleration|rio|rio-terminal|rust|rust-lang|terminal|terminal-emulator|terminal-emulators|terminal-ui|vte|wgpu,MIT License,2022-10-05T15:18:41Z,2025-11-29T07:13:47Z,2025-11-26T00:51:09Z,318057,main,True,True,True,False,False,public,raphamorim,User,https://avatars.githubusercontent.com/u/3630346?v=4,True,True,True,GPU‚Äëaccelerated terminal emulator (cross‚Äëplatform)
330048108,moonterm,sodomon2/moonterm,A minimalist and customizable terminal in lua,Lua,,https://github.com/sodomon2/moonterm,22,0,22,0,gtk3|lgi|lua|vte,,2021-01-15T23:55:01Z,2025-08-03T08:54:30Z,2025-06-16T22:22:51Z,29,master,True,False,True,False,False,public,sodomon2,User,https://avatars.githubusercontent.com/u/49420637?v=4,False,False,True,GTK3 terminal emulator for Linux
125722945,AppImageLauncher,TheAssassin/AppImageLauncher,"Helper application for Linux distributions serving as a kind of ""entry point"" for running and integrating AppImages",C++,https://assassinate-you.net/tags/appimagelauncher/,https://github.com/TheAssassin/AppImageLauncher,7237,302,7237,184,,MIT License,2018-03-18T12:32:33Z,2025-11-29T09:03:25Z,2025-11-24T04:16:36Z,1806,master,True,False,True,False,False,public,TheAssassin,User,https://avatars.githubusercontent.com/u/4503202?v=4,False,False,True,Linux‚Äëonly GUI helper for AppImage integration (Qt)
35129809,transmission,transmission/transmission,Official Transmission BitTorrent client repository,C++,https://transmissionbt.com,https://github.com/transmission/transmission,13741,1304,13741,847,,Other,2015-05-05T23:53:02Z,2025-11-28T15:28:29Z,2025-11-26T20:12:11Z,137736,main,False,False,True,False,False,public,transmission,Organization,https://avatars.githubusercontent.com/u/223312?v=4,True,True,True,Cross‚Äëplatform BitTorrent client with GUI
115215556,Minder,phase1geo/Minder,Mind-mapping application for Elementary OS,Vala,,https://github.com/phase1geo/Minder,1123,79,1123,96,markdown|mindmap|pdf,GNU General Public License v3.0,2017-12-23T18:54:43Z,2025-11-29T07:57:12Z,2025-11-28T17:36:48Z,18236,master,True,False,True,False,False,public,phase1geo,User,https://avatars.githubusercontent.com/u/22555565?v=4,False,False,True,Linux mind‚Äëmapping application (Elementary‚ÄØOS)
826888158,icebreaker,hecrj/icebreaker,"A local AI chat app powered by ü¶Ä Rust, üßä iced, ü§ó Hugging Face, and ü¶ô llama.cpp",Rust,,https://github.com/hecrj/icebreaker,354,26,354,4,ai|ai-chat|chat|iced|llm|rust,MIT License,2024-07-10T15:23:07Z,2025-11-28T08:43:23Z,2025-11-01T00:27:37Z,1943,master,False,False,True,False,False,public,hecrj,User,https://avatars.githubusercontent.com/u/518289?v=4,True,True,True,Rust + iced GUI local AI chat application
481230318,halloy,squidowl/halloy,IRC application written in Rust,Rust,https://halloy.chat/,https://github.com/squidowl/halloy,3447,139,3447,100,iced|irc|rust,GNU General Public License v3.0,2022-04-13T13:35:54Z,2025-11-29T08:19:36Z,2025-11-29T06:46:50Z,89374,main,True,True,True,False,False,public,squidowl,Organization,https://avatars.githubusercontent.com/u/117346077?v=4,True,True,True,Rust + iced GUI IRC client
28599652,ESPlorer,4refr0nt/ESPlorer,Integrated Development Environment (IDE) for ESP8266 developers,Java,http://esp8266.ru/esplorer/,https://github.com/4refr0nt/ESPlorer,1241,323,1241,45,,GNU General Public License v2.0,2014-12-29T17:14:49Z,2025-11-19T14:12:37Z,2024-07-02T21:54:20Z,17280,master,True,False,True,False,False,public,4refr0nt,User,https://avatars.githubusercontent.com/u/550871?v=4,True,True,True,Java Swing/IDE for ESP8266 development
27580124,nodemcu-flasher,nodemcu/nodemcu-flasher,A firmware Flash tool for nodemcu,Pascal,,https://github.com/nodemcu/nodemcu-flasher,2172,815,2172,47,,MIT License,2014-12-05T07:33:43Z,2025-11-26T18:30:22Z,2017-08-08T13:41:36Z,40671,master,True,False,True,False,False,public,nodemcu,Organization,https://avatars.githubusercontent.com/u/9865736?v=4,True,True,True,Java GUI firmware flashing tool for NodeMCU
536802516,lan-mouse,feschber/lan-mouse,mouse & keyboard sharing via LAN,Rust,,https://github.com/feschber/lan-mouse,4127,153,4127,94,gplv3|gtk4-rs|hyprland|keyboard-emulation|kvm-switch|lan|libadwaita|linux|macos|mouse-emulation|open-source|rust|tcp|udp|wayland|wayland-client|windows|wlroots,GNU General Public License v3.0,2022-09-15T00:15:20Z,2025-11-29T07:15:12Z,2025-11-03T17:39:58Z,1475,main,True,False,True,False,False,public,feschber,User,https://avatars.githubusercontent.com/u/40996949?v=4,True,True,True,LAN mouse & keyboard sharing app (GTK4/Libadwaita)
837722485,ScholarXIV,dagmawibabi/ScholarXIV,"ScholArxiv is an open-source, aesthetic, minimal and AI powered app that allows users to search, read, bookmark, share, download and view summaries of academic papers from the arXiv repository.",Dart,,https://github.com/dagmawibabi/ScholarXIV,924,45,924,8,,GNU General Public License v3.0,2024-08-03T20:31:29Z,2025-11-28T02:43:58Z,2025-07-02T15:21:04Z,15293,main,True,False,True,False,False,public,dagmawibabi,User,https://avatars.githubusercontent.com/u/44819176?v=4,True,True,True,Academic paper search and reading app (Flutter/Dart)
778556932,desktop,zen-browser/desktop,Welcome to a calmer internet,C++,https://zen-browser.app,https://github.com/zen-browser/desktop,38116,1179,38116,573,firefox|firefox-based|firefox-browser|zen-browser,Mozilla Public License 2.0,2024-03-28T00:05:55Z,2025-11-29T08:34:42Z,2025-11-28T23:57:40Z,5898882,dev,True,False,True,False,False,public,zen-browser,Organization,https://avatars.githubusercontent.com/u/165225155?v=4,True,True,True,Zen Browser desktop (Firefox‚Äëbased web browser)
457143972,nzportable,nzp-team/nzportable,"Call of Duty: Zombies demake, powered by various Quake sourceports. https://docs.nzp.gay/",Shell,,https://github.com/nzp-team/nzportable,618,117,618,139,,,2022-02-08T23:52:38Z,2025-11-28T18:00:41Z,2025-11-26T07:27:05Z,306,main,True,False,True,False,False,public,nzp-team,Organization,https://avatars.githubusercontent.com/u/91418801?v=4,True,False,True,Game (Call of Duty Zombies demake) built on Quake sourceports
659239818,shadplay,alphastrata/shadplay,Real-time wgsl visualisation tooling for educating oneself in the art of shader programming,WGSL,,https://github.com/alphastrata/shadplay,610,26,610,10,,MIT License,2023-06-27T12:15:39Z,2025-11-28T01:49:28Z,2025-11-25T11:11:47Z,155780,main,False,False,True,False,False,public,alphastrata,User,https://avatars.githubusercontent.com/u/25101888?v=4,True,True,True,Real‚Äëtime WGSL shader visualisation tool
643445235,lobe-chat,lobehub/lobe-chat,"ü§Ø LobeHub - an open-source, modern design AI Agent Workspace. Supports multiple AI providers, Knowledge Base (file upload / RAG ), one click install MCP Marketplace and Artifacts / Thinking. One-click FREE deployment of your private AI Agent application.",TypeScript,https://lobechat.com,https://github.com/lobehub/lobe-chat,68231,14101,68231,1002,agent|ai|artifacts|chat|chatgpt|claude|deepseek|deepseek-r1|function-calling|gemini|gpt|knowledge-base|mcp|nextjs|ollama|openai|rag,Other,2023-05-21T07:19:12Z,2025-11-29T08:52:47Z,2025-11-29T08:18:48Z,577888,next,False,True,True,False,False,public,lobehub,Organization,https://avatars.githubusercontent.com/u/131470832?v=4,True,True,True,Electron-based web app with desktop packaging
5516383,piskel,piskelapp/piskel,A simple web-based tool for Spriting and Pixel art.,JavaScript,http://piskelapp.com,https://github.com/piskelapp/piskel,12101,860,12101,393,canvas|gif|javascript|pixel-art|spritesheet,Apache License 2.0,2012-08-22T22:53:24Z,2025-11-29T06:34:06Z,2025-11-07T18:23:35Z,19135,master,True,True,True,False,False,public,piskelapp,Organization,https://avatars.githubusercontent.com/u/28667131?v=4,True,True,True,Web‚Äëbased pixel art tool with an Electron desktop wrapper
23129458,aseprite,aseprite/aseprite,"Animated sprite editor & pixel art tool (Windows, macOS, Linux)",C++,https://www.aseprite.org,https://github.com/aseprite/aseprite,34649,7545,34649,1858,animated-sprites|animation|aseprite|c-plus-plus|cpp|draw|gif|graphics|pixel-art|pixel-editor|sprite-editor|sprites|spritesheet|tile-editor|tilemap-editor,,2014-08-19T23:44:50Z,2025-11-29T08:59:24Z,2025-11-28T20:28:27Z,46444,main,False,False,True,False,False,public,aseprite,Organization,https://avatars.githubusercontent.com/u/3853896?v=4,True,True,True,Native cross‚Äëplatform desktop application
683229425,HackMatrix,collinalexbell/HackMatrix,A 3d Linux desktop environment (and game engine),C++,,https://github.com/collinalexbell/HackMatrix,561,24,561,20,,MIT License,2023-08-25T23:21:16Z,2025-11-24T16:57:35Z,2025-07-29T13:37:15Z,59709,master,True,False,True,False,False,public,collinalexbell,User,https://avatars.githubusercontent.com/u/1966377?v=4,False,False,True,3D Linux desktop environment (also a game engine)
120425779,lapce,lapce/lapce,Lightning-fast and Powerful Code Editor written in Rust,Rust,https://lap.dev/lapce/,https://github.com/lapce/lapce,37676,1204,37676,862,code-editor|developer-tools|rust|text-editor|vim,Apache License 2.0,2018-02-06T08:41:06Z,2025-11-29T05:14:18Z,2025-11-29T00:46:11Z,28598,master,True,True,True,False,False,public,lapce,Organization,https://avatars.githubusercontent.com/u/43668847?v=4,True,True,True,Rust cross‚Äëplatform code editor
1004995740,opcode,winfunc/opcode,"A powerful GUI app and Toolkit for Claude Code - Create custom agents, manage interactive Claude Code sessions, run secure background agents, and more.",TypeScript,https://opcode.sh,https://github.com/winfunc/opcode,18944,1453,18944,302,anthropic|anthropic-claude|claude|claude-4|claude-4-opus|claude-4-sonnet|claude-ai|claude-code|claude-code-sdk|cursor|ide|llm|llm-code|rust|tauri,GNU Affero General Public License v3.0,2025-06-19T13:53:26Z,2025-11-29T09:13:43Z,2025-10-16T12:05:56Z,2570,main,True,False,True,False,False,public,winfunc,Organization,https://avatars.githubusercontent.com/u/176251414?v=4,True,True,True,TypeScript/Tauri cross‚Äëplatform GUI app for Claude Code
995970461,road_intersection,achnitreda/road_intersection,A traffic intersection simulation built with Rust and SDL2,Rust,,https://github.com/achnitreda/road_intersection,16,4,16,0,rust|sdl2|traffic-light|traffic-simulation,,2025-06-04T09:12:10Z,2025-09-30T17:11:25Z,2025-07-05T20:03:55Z,28,main,True,False,True,False,False,public,achnitreda,User,https://avatars.githubusercontent.com/u/93975812?v=4,True,True,True,Rust/SDL2 desktop traffic‚Äëintersection simulation
889192195,Connection-Machine,Martian-Technologies/Connection-Machine,Connection Machine is an open-source desktop application for designing and simulating digital circuits at scale.,C++,https://connection-machine.com/,https://github.com/Martian-Technologies/Connection-Machine,24,4,24,24,circuit-design|circuit-simulation|circuit-simulator|digital-circuit-design|digital-logic|logic-circuit|logic-circuit-simulator,MIT License,2024-11-15T19:42:08Z,2025-11-26T14:05:17Z,2025-11-26T14:05:11Z,23003,main,False,True,True,False,False,public,Martian-Technologies,Organization,https://avatars.githubusercontent.com/u/121317421?v=4,True,True,True,C++ cross‚Äëplatform circuit design and simulation desktop app
80204710,Mos,Caldis/Mos,"‰∏Ä‰∏™Áî®‰∫éÂú® macOS ‰∏äÂπ≥Êªë‰Ω†ÁöÑÈº†Ê†áÊªöÂä®ÊïàÊûúÊàñÂçïÁã¨ËÆæÁΩÆÊªöÂä®ÊñπÂêëÁöÑÂ∞èÂ∑•ÂÖ∑, ËÆ©‰Ω†ÁöÑÊªöËΩÆÁàΩÂ¶ÇËß¶ÊéßÊùø  |  A lightweight tool used to smooth scrolling and set scroll direction independently for your mouse on macOS",Swift,http://mos.caldis.me,https://github.com/Caldis/Mos,17959,573,17959,291,homebrew|macos|mouse|osx|reverse|scroll|smooth|smooth-scrolling|smoothscroll|swift,Other,2017-01-27T12:12:48Z,2025-11-29T02:19:46Z,2025-11-25T15:02:57Z,61230,master,True,True,True,False,False,public,Caldis,User,https://avatars.githubusercontent.com/u/3529490?v=4,False,True,False,Swift macOS‚Äëonly utility for smooth scrolling
1008837384,ccseva,Iamshankhadeep/ccseva,A beautiful macOS menu bar app for tracking your Claude Code usage in real-time.,TypeScript,https://shankhadeep.dev,https://github.com/Iamshankhadeep/ccseva,726,36,726,8,,MIT License,2025-06-26T07:04:27Z,2025-11-28T10:02:41Z,2025-11-16T13:33:51Z,2495,main,True,False,True,False,False,public,Iamshankhadeep,User,https://avatars.githubusercontent.com/u/24645773?v=4,False,True,False,TypeScript macOS menu‚Äëbar app for Claude Code usage tracking
569385889,gestures,riley-martin/gestures,Fast touchpad gesture tool,Rust,,https://github.com/riley-martin/gestures,17,10,17,1,linux|rust|touchpad|touchpad-gestures|touchpadgestures,MIT License,2022-11-22T17:53:52Z,2025-06-28T12:37:24Z,2025-05-07T14:53:50Z,1584,main,True,True,True,False,False,public,riley-martin,User,https://avatars.githubusercontent.com/u/106552431?v=4,False,False,True,Rust Linux‚Äëonly touchpad gesture tool
208362401,TrackpadOSC,LingDong-/TrackpadOSC,üíªüëã‚úåÔ∏èüëâSend mac's multitouch trackpad read-out through OSC,Objective-C,,https://github.com/LingDong-/TrackpadOSC,20,2,20,1,macos|open-sound-control|osc|trackpad,,2019-09-13T23:29:27Z,2025-09-19T10:13:31Z,2022-10-06T02:09:16Z,145,master,True,False,True,False,False,public,LingDong-,User,https://avatars.githubusercontent.com/u/7929704?v=4,False,True,False,macOS specific
258967860,Graphite,GraphiteEditor/Graphite,"An open source graphics editor for 2025: comprehensive 2D content creation tool suite for graphic design, digital art, and interactive real-time motion graphics ‚Äî featuring node-based procedural editing",Rust,https://graphite.rs,https://github.com/GraphiteEditor/Graphite,22852,993,22852,416,2d-graphics|animation|art|creative-coding|design|graphic-design|graphics|graphics-editor|image-manipulation|image-processing|motion-design|motion-graphics|node-graph|photo-editor|procedural|procedural-drawing|procedural-generation|svg-editor|vector-graphics,Apache License 2.0,2020-04-26T07:29:29Z,2025-11-29T09:10:04Z,2025-11-29T04:19:33Z,44309,master,False,False,True,False,False,public,GraphiteEditor,Organization,https://avatars.githubusercontent.com/u/68179154?v=4,True,True,True,Graphics editor
99607082,skhd,koekeishiya/skhd, Simple hotkey daemon for macOS,C,,https://github.com/koekeishiya/skhd,7631,228,7631,152,,MIT License,2017-08-07T18:22:48Z,2025-11-29T09:00:32Z,2025-07-02T18:44:06Z,16457,master,True,False,True,False,False,public,koekeishiya,User,https://avatars.githubusercontent.com/u/6175959?v=4,False,True,False,Hotkey daemon
103826422,PaperWM,paperwm/PaperWM,Tiled scrollable window management for GNOME Shell,JavaScript,https://extensions.gnome.org/extension/6099/paperwm/,https://github.com/paperwm/PaperWM,3820,151,3820,170,gnome-shell-extension|tiling-window-manager|window-manager,GNU General Public License v3.0,2017-09-17T12:18:35Z,2025-11-29T08:32:53Z,2025-11-16T06:27:44Z,4054,release,True,False,True,False,False,public,paperwm,Organization,https://avatars.githubusercontent.com/u/27561927?v=4,False,False,True,GNOME Shell extension
440351007,PaperWM.spoon,mogenson/PaperWM.spoon,Tiled scrollable window manager for MacOS,Lua,,https://github.com/mogenson/PaperWM.spoon,1004,46,1004,9,hammerspoon|lua|macos|osx|paperwm|tiling-window-manager|window-manager,MIT License,2021-12-21T01:08:16Z,2025-11-29T07:20:35Z,2025-11-28T01:28:55Z,220,main,True,False,True,False,False,public,mogenson,User,https://avatars.githubusercontent.com/u/900731?v=4,False,True,False,Hammerspoon extension
184909163,yabai,koekeishiya/yabai,A tiling window manager for macOS based on binary space partitioning,C,,https://github.com/koekeishiya/yabai,27607,686,27607,246,,MIT License,2019-05-04T15:00:50Z,2025-11-29T09:00:18Z,2025-11-06T16:24:24Z,7580,master,True,False,True,False,False,public,koekeishiya,User,https://avatars.githubusercontent.com/u/6175959?v=4,False,True,False,Tiling window manager
60244892,qalculate-gtk,Qalculate/qalculate-gtk,Qalculate! GTK UI,C++,https://qalculate.github.io/,https://github.com/Qalculate/qalculate-gtk,1145,80,1145,165,,GNU General Public License v2.0,2016-06-02T08:08:29Z,2025-11-29T05:45:17Z,2025-11-29T05:45:13Z,25291,master,True,False,True,False,False,public,Qalculate,Organization,https://avatars.githubusercontent.com/u/19704127?v=4,True,True,True,GTK UI calculator
882158748,kunkun,kunkunsh/kunkun,"An open source, cross-platform, extensible app launcher.",TypeScript,,https://github.com/kunkunsh/kunkun,1175,46,1175,53,raycast|rust|svelte|sveltekit|tauri|typescript,Other,2024-11-02T03:09:09Z,2025-11-25T13:09:12Z,2025-09-07T05:45:24Z,3303,develop,True,False,True,False,False,public,kunkunsh,Organization,https://avatars.githubusercontent.com/u/176965503?v=4,True,True,True,Tauri app
881053158,neohtop,Abdenasser/neohtop,"üí™üèª Blazing-fast system monitoring for your desktop (built with Rust, Tauri & Svelte)",Svelte,https://abdenasser.github.io/neohtop/,https://github.com/Abdenasser/neohtop,8664,272,8664,16,activity|btop|cross-platform|htop|monitoring|rust|svelte|system,MIT License,2024-10-30T20:44:11Z,2025-11-29T09:08:11Z,2025-11-28T18:50:40Z,13727,main,True,True,True,False,False,public,Abdenasser,User,https://avatars.githubusercontent.com/u/8364240?v=4,True,True,True,Tauri app
668367318,KeyCluCask,Anze/KeyCluCask,Simple and handy overview of applications shortcuts,,https://github.com/Anze/KeyCluExtensions,https://github.com/Anze/KeyCluCask,1690,21,1690,25,hotkeys|keyclu|mac-app|macos|macos-app|macos-application|productivity|shortcuts|utilities,BSD 3-Clause Clear License,2023-07-19T16:28:03Z,2025-11-28T23:33:43Z,2025-07-06T17:59:10Z,13835,main,True,False,True,False,False,public,Anze,User,https://avatars.githubusercontent.com/u/38272?v=4,False,True,False,macOS app
14376285,xbar,matryer/xbar,Put the output from any script or program into your macOS Menu Bar (the BitBar reboot),Go,https://xbarapp.com,https://github.com/matryer/xbar,17966,651,17966,182,bitbar|mac|macos-menu|macosx|menubar|scripting|xbar,MIT License,2013-11-13T21:00:12Z,2025-11-27T13:37:42Z,2024-09-10T10:18:51Z,64884,main,False,False,True,False,False,public,matryer,User,https://avatars.githubusercontent.com/u/101659?v=4,False,True,False,macOS Menu Bar app
5390156,fontforge,fontforge/fontforge,"Free (libre) font editor for Windows, Mac OS X and GNU+Linux",C,http://fontforge.github.io/,https://github.com/fontforge/fontforge,7386,761,7386,1076,,Other,2012-08-12T17:08:20Z,2025-11-29T09:04:02Z,2025-11-23T20:56:44Z,109013,master,True,False,True,False,False,public,fontforge,Organization,https://avatars.githubusercontent.com/u/2048660?v=4,True,True,True,Font editor (GUI application)
519859998,AFFiNE,toeverything/AFFiNE,"There can be more than Notion and Miro. AFFiNE(pronounced […ô‚Äòfain]) is a next-gen knowledge base that brings planning, sorting and creating all together. Privacy first, open-source, customizable and ready to use. ",TypeScript,https://affine.pro,https://github.com/toeverything/AFFiNE,60197,4112,60197,533,app|crdt|editor|electron|knowledge-base|markdown|miro|notes|notion|notion-alternative|rust|rust-lang|rust-language|table|tableview|whiteboard|wiki|workspace,Other,2022-07-31T18:45:21Z,2025-11-29T08:59:17Z,2025-11-28T10:06:31Z,560243,canary,False,False,True,False,False,public,toeverything,Organization,https://avatars.githubusercontent.com/u/78728988?v=4,True,True,True,Electron‚Äëbased knowledge‚Äëbase app
674832198,Ice,jordanbaird/Ice,Powerful menu bar manager for macOS,Swift,https://icemenubar.app,https://github.com/jordanbaird/Ice,24389,494,24389,289,macos|macos-app|menu-bar|menubar|menubar-app|status-bar|statusbar|swift|swiftui|utility,GNU General Public License v3.0,2023-08-04T22:51:56Z,2025-11-29T07:23:43Z,2025-09-20T20:28:17Z,22524,main,False,False,True,False,False,public,jordanbaird,User,https://avatars.githubusercontent.com/u/90936861?v=4,False,True,False,macOS menu‚Äëbar utility
1035210905,browser,the-ora/browser,"Less noise, more browsing.",Swift,https://orabrowser.com/,https://github.com/the-ora/browser,1616,51,1616,54,,GNU General Public License v2.0,2025-08-09T22:25:31Z,2025-11-29T08:15:32Z,2025-11-27T13:12:41Z,4378,main,True,True,True,False,False,public,the-ora,Organization,https://avatars.githubusercontent.com/u/219109863?v=4,False,True,False,macOS web browser application
944219093,thock,kamillobinski/thock,THOCK your mac keyboard with over 25 built-in modes or your own soudpacks.,Swift,,https://github.com/kamillobinski/thock,315,15,315,7,desktop|keyboard|keyboard-sounds|macos|sounds|swift|thock,MIT License,2025-03-07T01:26:43Z,2025-11-29T06:07:50Z,2025-08-10T12:03:14Z,18226,main,False,False,True,False,False,public,kamillobinski,User,https://avatars.githubusercontent.com/u/48738560?v=4,False,True,False,macOS‚Äëonly keyboard‚Äësound utility with GUI
842766285,s-rack,sharph/s-rack,A modular synthesizer written in Rust,Rust,https://latest.s-rack.app/,https://github.com/sharph/s-rack,49,1,49,9,audio|egui|rust|synth|synthesizer,GNU General Public License v3.0,2024-08-15T03:16:51Z,2025-11-29T00:04:16Z,2025-07-21T02:49:59Z,718,main,True,False,True,False,False,public,sharph,User,https://avatars.githubusercontent.com/u/539905?v=4,True,True,True,Cross‚Äëplatform modular synthesizer with GUI (Rust + egui)
431466930,vile,dharmx/vile,Waste of time. Smelly widgets feat. Spaghetti code. Built with eww-3.0.,Python,https://dharmx.is-a.dev/eww-powermenu,https://github.com/dharmx/vile,401,18,401,0,aesthetics|eww|linux|low-maintenance|rice|widgets,GNU General Public License v3.0,2021-11-24T12:00:36Z,2025-11-16T15:07:45Z,2025-06-25T16:07:44Z,105816,main,False,False,True,False,False,public,dharmx,User,https://avatars.githubusercontent.com/u/80379926?v=4,False,False,True,Desktop widget collection built with eww (Linux GUI)
337125394,supernotes-client,jcassee/supernotes-client,Supernotes client,Rust,,https://github.com/jcassee/supernotes-client,6,1,6,1,,MIT License,2021-02-08T15:45:52Z,2024-04-16T14:43:13Z,2021-02-10T16:07:53Z,39,master,False,False,True,False,False,public,jcassee,User,https://avatars.githubusercontent.com/u/20749?v=4,True,True,True,Rust‚Äëbased GUI client for Supernotes
120568143,wezterm,wezterm/wezterm,A GPU-accelerated cross-platform terminal emulator and multiplexer written by @wez and implemented in Rust,Rust,https://wezterm.org/,https://github.com/wezterm/wezterm,22682,1066,22682,1487,rust|serial|serial-port|terminal|terminal-emulator|terminal-emulators,Other,2018-02-07T05:35:46Z,2025-11-29T07:50:06Z,2025-11-23T15:45:44Z,309776,main,False,True,True,False,False,public,wezterm,Organization,https://avatars.githubusercontent.com/u/198158019?v=4,True,True,True,GPU‚Äëaccelerated cross‚Äëplatform terminal emulator (WezTerm)
374363264,cliphist,sentriz/cliphist,Wayland clipboard manager with support for multimedia,Go,,https://github.com/sentriz/cliphist,1209,34,1209,6,clipboard|clipboard-manager|hyprland|sway|wayfire|wayland|wl-roots,GNU General Public License v3.0,2021-06-06T13:09:09Z,2025-11-29T04:23:40Z,2025-10-11T13:23:29Z,144,master,True,False,True,False,False,public,sentriz,User,https://avatars.githubusercontent.com/u/6832539?v=4,False,False,True,Wayland clipboard manager (Linux only)
770378227,Code-Editor,mukulve/Code-Editor,Lightweight Code Editor ,TypeScript,,https://github.com/mukulve/Code-Editor,56,6,56,0,code-editor|codeeditor|copilot-chat|daisyui|react|rust|tauri|tauri-app,MIT License,2024-03-11T12:58:48Z,2025-10-23T08:34:27Z,2025-08-02T16:26:21Z,4067,main,True,False,True,False,False,public,mukulve,User,https://avatars.githubusercontent.com/u/97366719?v=4,True,True,True,Tauri‚Äëbased lightweight code editor
323279421,Butterfly,LinwoodDev/Butterfly,"üé® Powerful, minimalistic, cross-platform, opensource note-taking app",Dart,https://butterfly.linwood.dev,https://github.com/LinwoodDev/Butterfly,1590,116,1590,63,android|app|cross-platform|customizable|dart|dartlang|drawing|flutter|linux|note|note-taking|notes|notes-app|onenote|opensource|productivity|web|windows|writing,GNU Affero General Public License v3.0,2020-12-21T08:47:28Z,2025-11-29T06:44:03Z,2025-11-27T15:13:56Z,84593,develop,False,False,True,False,False,public,LinwoodDev,Organization,https://avatars.githubusercontent.com/u/110480390?v=4,True,True,True,Flutter cross‚Äëplatform note‚Äëtaking app
852920449,the-editor,misterclayt0n/the-editor,Fast GUI text editor,Rust,,https://github.com/misterclayt0n/the-editor,105,1,105,3,,,2024-09-05T16:54:27Z,2025-11-28T21:42:35Z,2025-11-28T20:50:29Z,26448,main,True,False,True,False,False,public,misterclayt0n,User,https://avatars.githubusercontent.com/u/124265832?v=4,True,True,True,Rust‚Äëbased native GUI text editor
301463691,sleek,ransome1/sleek,"todo.txt manager for Linux, Windows and MacOS, free and open-source (FOSS)",TypeScript,https://github.com/ransome1/sleek/wiki,https://github.com/ransome1/sleek,1863,133,1863,71,alarms|archiving|contexts|dark-mode|due-date|file-watcher|filters|foss|fulltext-search|gui|linux-app|macos-app|modern|multiple-languages|open-source|priorities|repeating-todos|threshold|todo-txt|windows-app,MIT License,2020-10-05T15:59:00Z,2025-11-28T10:33:36Z,2025-11-28T14:34:53Z,61849,main,True,False,True,False,False,public,ransome1,User,https://avatars.githubusercontent.com/u/11188741?v=4,True,True,True,Electron/TypeScript todo.txt manager with graphical UI
1011137032,LlamaBarn,ggml-org/LlamaBarn,A cosy home for your LLMs.,Swift,,https://github.com/ggml-org/LlamaBarn,574,20,574,6,ai|llama-cpp|llms|macos|swift,MIT License,2025-06-30T11:05:34Z,2025-11-28T13:45:00Z,2025-11-25T12:44:47Z,26012,main,False,False,True,False,False,public,ggml-org,Organization,https://avatars.githubusercontent.com/u/134263123?v=4,False,True,False,Swift macOS‚Äëonly application for managing LLMs
918457472,fast-forward,gaauwe/fast-forward,A window switcher for macOS built in Rust using the gpui framework,Rust,,https://github.com/gaauwe/fast-forward,248,5,248,2,,,2025-01-18T01:34:23Z,2025-11-25T15:34:49Z,2025-09-29T15:26:31Z,1871,develop,True,False,True,False,False,public,gaauwe,User,https://avatars.githubusercontent.com/u/1271226?v=4,False,True,False,macOS‚Äëonly window‚Äëswitcher built with gpui
141089889,berty,berty/berty,"Berty is a secure peer-to-peer messaging app that works with or without internet access, cellular data or trust in the network",TypeScript,https://berty.tech,https://github.com/berty/berty,8911,478,8911,111,android|berty|censorship|crdt|cybersecurity|encryption|gomobile|ios|ipfs|libp2p|messaging|mobile-app|monorepo|offline-first|orbitdb|p2p|privacy|react-native|surveillance,Other,2018-07-16T05:21:19Z,2025-11-28T14:05:38Z,2025-11-28T06:12:00Z,270927,master,True,False,True,False,False,public,berty,Organization,https://avatars.githubusercontent.com/u/22157871?v=4,True,True,True,Cross‚Äëplatform peer‚Äëto‚Äëpeer messaging app (Electron/React‚ÄëNative)
1004647857,open-whispr,HeroTools/open-whispr,"Voice-to-text dictation app with local Whisper models and OpenAI API. Privacy-first, cross-platform, global hotkey activated.",TypeScript,https://openwhispr.com,https://github.com/HeroTools/open-whispr,421,53,421,20,ai|open-source|whisper,MIT License,2025-06-19T00:58:14Z,2025-11-29T00:00:27Z,2025-11-17T20:40:47Z,4840,main,False,False,True,False,False,public,HeroTools,Organization,https://avatars.githubusercontent.com/u/221007419?v=4,True,True,True,Cross‚Äëplatform voice‚Äëto‚Äëtext dictation app (Electron/TS)
599360014,REAL-Video-Enhancer,TNTwise/REAL-Video-Enhancer,"Interpolate, Upscale, Decompress, and Denoise videos easily on Linux/Windows/MacOS.",Python,https://discord.gg/mRReVBMQtN,https://github.com/TNTwise/REAL-Video-Enhancer,1338,100,1338,14,gui|interpolation|linux|macos|real-esrgan|rife|upscaling|windows,GNU Affero General Public License v3.0,2023-02-09T01:06:20Z,2025-11-29T08:48:12Z,2025-11-29T08:48:09Z,22443,2.3.9,True,False,True,False,False,public,TNTwise,User,https://avatars.githubusercontent.com/u/77559100?v=4,True,True,True,Cross‚Äëplatform video enhancement GUI (Python + Qt/GTK)
1030561901,Nook,nook-browser/Nook,"A new browser, not owned by Atlassian.",Swift,,https://github.com/nook-browser/Nook,1371,57,1371,35,,GNU General Public License v3.0,2025-08-01T21:25:52Z,2025-11-28T17:02:24Z,2025-11-26T19:22:47Z,5864,main,True,True,True,False,False,public,nook-browser,Organization,https://avatars.githubusercontent.com/u/224170348?v=4,False,True,False,Native macOS browser written in Swift
768413390,walker,abenz1267/walker,Multi-Purpose Launcher with a lot of features. Highly Customizable and fast.,Rust,,https://github.com/abenz1267/walker,2150,83,2150,9,runner|rust|wayland,GNU General Public License v3.0,2024-03-07T03:11:41Z,2025-11-29T03:46:17Z,2025-11-27T16:09:09Z,17516,master,False,False,True,False,False,public,abenz1267,User,https://avatars.githubusercontent.com/u/7055955?v=4,True,True,True,"Rust application, likely cross‚Äëplatform"
734508021,bitspace,emilwidlund/bitspace,A prototype of a creative environment for the 21st century,TypeScript,https://bitspace.sh,https://github.com/emilwidlund/bitspace,1001,69,1001,2,,MIT License,2023-12-21T21:37:20Z,2025-11-29T04:32:08Z,2025-04-07T11:36:21Z,2287,main,True,False,True,False,False,public,emilwidlund,User,https://avatars.githubusercontent.com/u/10053249?v=4,True,True,True,"Web‚Äëbased, potentially with desktop version"
275298565,J.A.R.V.I.S,GauravSingh9356/J.A.R.V.I.S,"Personal Assistant built using python libraries. It does almost anything which includes sending emails, Optical Text Recognition, Dynamic News Reporting at any time with API integration, Todo list generator, Opens any website with just a voice command, Plays Music, Wikipedia searching, Dictionary with Intelligent Sensing i.e. auto spell checking, Weather Reporting i.e. temp, wind speed, humidity, YouTube searching, Google Map searching, Youtube Downloading, etc.",Python,,https://github.com/GauravSingh9356/J.A.R.V.I.S,951,233,951,24,chatgpt|dictionary-application|difflib|hacktoberfest|hactober-accepted|hactoberfest2021|jarvis|jarvis-ai|newsapi|opencv|optical-character-recognition|optical-text-recognition|python|python3|pyttsx3|speech-recognition|tesseract|tesseract-ocr|weather-api|webbrowser,MIT License,2020-06-27T04:22:28Z,2025-11-27T09:44:24Z,2024-05-25T15:37:52Z,10061,master,True,False,True,False,False,public,GauravSingh9356,User,https://avatars.githubusercontent.com/u/55052983?v=4,True,True,True,"Python application, likely cross‚Äëplatform"
1033289787,quests,quests-org/quests,The open-source app builder,TypeScript,https://quests.dev,https://github.com/quests-org/quests,369,66,369,0,ai|app-builder|desktop-app|electron|linux|llm|macos|orpc|tanstack-router|windows|xstate,Apache License 2.0,2025-08-06T15:27:58Z,2025-11-28T13:38:01Z,2025-11-28T13:37:57Z,8513,main,False,False,True,False,False,public,quests-org,Organization,https://avatars.githubusercontent.com/u/225025528?v=4,True,True,True,Electron app
937049182,Reall3dViewer,reall3d-com/Reall3dViewer,"This is a 3DGS(3D Gaussian Splatting) viewer built on Three.js, with features for marking, measurements, text watermarks, etc.",TypeScript,https://www.reall3d.com,https://github.com/reall3d-com/Reall3dViewer,413,44,413,0,3d|3dgs|gaussian|mark|measurement|ply|scene|sog|splat|splatting|spx|spz|text|threejs|typescript|viewer|watermark|webgl,MIT License,2025-02-22T07:55:23Z,2025-11-29T07:30:33Z,2025-11-27T08:22:39Z,912,main,False,False,True,False,False,public,reall3d-com,Organization,https://avatars.githubusercontent.com/u/200101239?v=4,True,True,True,"Web‚Äëbased, potentially with desktop version"
1035565168,schaltwerk,2mawi2/schaltwerk,The IDE without editor,TypeScript,,https://github.com/2mawi2/schaltwerk,139,15,139,8,,MIT License,2025-08-10T17:04:19Z,2025-11-29T09:04:31Z,2025-11-29T09:04:27Z,38604,main,False,False,True,False,False,public,2mawi2,User,https://avatars.githubusercontent.com/u/17811051?v=4,True,True,True,"Web‚Äëbased, potentially with desktop version"
118505656,Diagon,ArthurSonzogni/Diagon,Interactive ASCII art diagram generators. :star2:,C++,https://arthursonzogni.com/Diagon/,https://github.com/ArthurSonzogni/Diagon,2065,74,2065,21,antlr|arthursonzogni|ascii|ascii-art|ascii-diagram|cmake|cpp|generators|lexer|markdown|parser|uml|uml-diagram|unicode|webapp|webapplication|webassembly,MIT License,2018-01-22T19:39:32Z,2025-11-29T03:52:52Z,2025-05-16T09:50:58Z,939,main,True,True,True,False,False,public,ArthurSonzogni,User,https://avatars.githubusercontent.com/u/4759106?v=4,True,True,True,"C++ application, likely cross‚Äëplatform"
325686408,MonoSketch,tuanchauict/MonoSketch,An ASCII graph drawing app,TypeScript,https://monosketch.io,https://github.com/tuanchauict/MonoSketch,501,13,501,17,ascii|ascii-art|ascii-editor|ascii-graphics|diagram-editor|kotlin|kotlin-js|webapp,Apache License 2.0,2020-12-31T01:38:18Z,2025-11-26T19:30:29Z,2025-05-15T21:48:09Z,5769,main,True,False,True,False,False,public,tuanchauict,User,https://avatars.githubusercontent.com/u/955306?v=4,True,True,True,"Web‚Äëbased, potentially with desktop version"
390873100,komorebi,LGUG2Z/komorebi,A tiling window manager for Windows üçâ,Rust,https://lgug2z.github.io/komorebi/,https://github.com/LGUG2Z/komorebi,13380,286,13380,77,autohotkey|palestine|rust|status-bar|tiling-window-manager|whkd|windows,Other,2021-07-29T23:20:15Z,2025-11-29T08:47:35Z,2025-11-25T17:02:46Z,9678,master,True,True,True,False,False,public,LGUG2Z,User,https://avatars.githubusercontent.com/u/13164844?v=4,True,False,False,Tiling window manager for Windows
164140756,Files,files-community/Files,A modern file manager that helps users organize their files and folders.,C#,https://files.community,https://github.com/files-community/Files,40516,2535,40516,495,alternatives|csharp|customization|developer-tools|dotnet|file-manager|files|fluent|fluent-design|git|good-first-issue|power-user|productivity|utilities|winappsdk|windows|windows-10|windows-11|winui|xaml,MIT License,2019-01-04T18:19:14Z,2025-11-29T09:03:06Z,2025-11-27T15:53:42Z,264754,main,False,False,True,False,False,public,files-community,Organization,https://avatars.githubusercontent.com/u/65931357?v=4,True,False,False,Modern file manager for Windows
184571651,material-shell,material-shell/material-shell,A modern desktop interface for Linux. Improve your user experience and get rid of the anarchy of traditional desktop workflows. Designed to simplify navigation and reduce the need to manipulate windows in order to improve productivity. It's meant to be 100% predictable and bring the benefits of tools coveted by professionals to everyone.,TypeScript,https://material-shell.com,https://github.com/material-shell/material-shell,7271,179,7271,281,gnome|gnome-shell|gnome-shell-extension|hacktoberfest|linux|material|material-design|material-shell|materialshell|tiling-window-manager,GNU General Public License v3.0,2019-05-02T11:48:15Z,2025-11-24T11:53:48Z,2024-07-22T08:04:02Z,69717,main,False,False,True,False,False,public,material-shell,Organization,https://avatars.githubusercontent.com/u/66117041?v=4,False,False,True,Desktop interface for Linux
2851691,dillinger,joemccann/dillinger,"The last Markdown editor, ever.",JavaScript,https://dillinger.io,https://github.com/joemccann/dillinger,8179,1150,8179,126,blog|blogging|editor|ide|javascript|markdown|md|node|nodejs|writing,MIT License,2011-11-25T19:17:07Z,2025-11-28T17:40:29Z,2025-04-21T21:52:58Z,15927,master,True,False,True,False,False,public,joemccann,User,https://avatars.githubusercontent.com/u/48234?v=4,True,True,True,Markdown editor
172953845,code-server,coder/code-server,VS Code in the browser,TypeScript,https://coder.com,https://github.com/coder/code-server,75125,6378,75125,167,browser-ide|dev-tools|development-environment|ide|remote-work|vscode|vscode-remote,MIT License,2019-02-27T16:50:41Z,2025-11-29T09:11:35Z,2025-11-25T23:39:32Z,54077,main,False,False,True,False,False,public,coder,Organization,https://avatars.githubusercontent.com/u/95932066?v=4,True,True,True,"VS Code in the browser, likely Electron"
2701888,kakoune,mawww/kakoune,mawww's experiment for a better code editor,C++,http://kakoune.org,https://github.com/mawww/kakoune,10608,753,10608,913,c-plus-plus|console-application|kakoune|modal-editing|text-editor|vim,The Unlicense,2011-11-03T12:43:55Z,2025-11-29T08:43:29Z,2025-11-27T05:30:08Z,43301,master,True,True,True,False,False,public,mawww,User,https://avatars.githubusercontent.com/u/51221?v=4,True,True,True,C++ text editor
697033284,sound-maker,icy-lava/sound-maker,WYSIWYG audio tool made for the Wheel Reinvention Jam,MoonScript,https://handmade.network/p/452/sound-maker/,https://github.com/icy-lava/sound-maker,12,0,12,0,audio|audio-processing|dsp|tools|wysiwyg,,2023-09-26T23:15:40Z,2025-05-05T21:30:38Z,2023-10-10T22:28:15Z,174,main,False,False,True,False,False,public,icy-lava,User,https://avatars.githubusercontent.com/u/5872138?v=4,True,True,True,WYSIWYG audio tool
89822531,Mindustry,Anuken/Mindustry,The automation tower defense RTS,Java,https://mindustrygame.github.io,https://github.com/Anuken/Mindustry,25852,3310,25852,102,android|desktop|game|java|mindustry|mobile-game|multiplatform|rts|sandbox-game|tower-defense,GNU General Public License v3.0,2017-04-30T01:24:29Z,2025-11-29T03:55:18Z,2025-11-25T21:27:08Z,1883477,master,False,False,True,False,False,public,Anuken,User,https://avatars.githubusercontent.com/u/10100000?v=4,True,True,True,Java game (Mindustry)
687661316,tic-tac-toe,ravener/tic-tac-toe,A game of Tic Tac Toe made with L√ñVE,Lua,,https://github.com/ravener/tic-tac-toe,3,0,3,0,,MIT License,2023-09-05T18:31:39Z,2024-11-16T10:08:07Z,2024-02-20T14:52:11Z,2287,main,True,False,True,False,False,public,ravener,User,https://avatars.githubusercontent.com/u/31079629?v=4,True,True,True,Lua tic-tac-toe game built with L√ñVE
80276391,edex-ui,GitSquared/edex-ui,"A cross-platform, customizable science fiction terminal emulator with advanced monitoring & touchscreen support.",JavaScript,,https://github.com/GitSquared/edex-ui,43679,2904,43679,6,desktop|edex-ui|electron|linux|macos|nodejs|science-fiction|shell|terminal|touchscreen|tron|unixporn|windows,GNU General Public License v3.0,2017-01-28T09:35:02Z,2025-11-29T05:55:52Z,2021-10-19T22:38:47Z,31579,master,True,False,True,True,False,public,GitSquared,User,https://avatars.githubusercontent.com/u/24496417?v=4,True,True,True,Electron-based terminal emulator
69824854,ple,philanc/ple,Pure Lua Editor,Lua,,https://github.com/philanc/ple,41,7,41,4,,MIT License,2016-10-02T22:07:34Z,2025-11-23T01:09:46Z,2023-05-08T21:03:55Z,183,master,True,False,True,False,False,public,philanc,User,https://avatars.githubusercontent.com/u/1709577?v=4,True,True,True,Pure Lua Editor (GUI text editor)
